<?xml version="1.0" encoding="utf-8" standalone="yes"?>
<rss version="2.0" xmlns:atom="http://www.w3.org/2005/Atom" xmlns:content="http://purl.org/rss/1.0/modules/content/">
  <channel>
    <title>域名邮箱 on 慕阳博客</title>
    <link>https://blog.muyoung.com/tags/%E5%9F%9F%E5%90%8D%E9%82%AE%E7%AE%B1/</link>
    <description>Recent content in 域名邮箱 on 慕阳博客</description>
    <generator>Hugo -- 0.145.0</generator>
    <language>zh-CN</language>
    <lastBuildDate>Fri, 14 Mar 2025 09:44:45 +0800</lastBuildDate>
    <atom:link href="https://blog.muyoung.com/tags/%E5%9F%9F%E5%90%8D%E9%82%AE%E7%AE%B1/index.xml" rel="self" type="application/rss+xml" />
    <item>
      <title>自建邮局太麻烦？来用网易免费企业邮！绑定你的域名收发自如！</title>
      <link>https://blog.muyoung.com/posts/163-free-domain-email/</link>
      <pubDate>Fri, 14 Mar 2025 09:44:45 +0800</pubDate>
      <guid>https://blog.muyoung.com/posts/163-free-domain-email/</guid>
      <description>&lt;h1 id=&#34;引言&#34;&gt;引言&lt;/h1&gt;
&lt;p&gt;最早我开始知道域名邮箱是因为偶然在一位我朋友的开发群内看到他的微软账户绑定的邮箱是admin@他网站的域名.com。&lt;/p&gt;
&lt;p&gt;我当时就很好奇，就去问他你这个邮箱是自建的吗？&lt;/p&gt;
&lt;p&gt;因为我当时也知道可以通过购买VPS然后配上一些开源邮局框架来自建邮箱，但是这需要金钱和时间成本，而且我认为不大稳定，所以一直就没有试过，而且我觉得我当时的muyoung@foxmail.com这个邮箱虽然是托管在QQ的，但是也够用了。&lt;/p&gt;
&lt;p&gt;然后他说他用的是Cloudflare的邮件转发服务，我就心想这cf还能干这个，一番操作以下发现还真能。&lt;/p&gt;
&lt;p&gt;在cf的域名配置中有一个电子邮件转发，可以将发给你域名的邮件转发到你自己用的邮箱，比如发给demo@muyoung.com的邮件会被cf转发给我的私用邮箱muyoung@foxmail.com。&lt;/p&gt;
&lt;p&gt;但是因为是转发，那么如果你想要以demo@muyoung.com这个身份发邮件就需要费一番周折了。我用的foxmail.com被腾讯收购了，现在作为QQ邮箱的服务提供，而QQ邮箱要绑定域名需要购买万恶的VIP，于是就只能通过Outlook、Gmail等支持免费绑定域名作为别名的邮箱来发邮件&lt;/p&gt;
&lt;p&gt;但这也太割裂了吧，我在QQ邮箱上收到，然后还要去Outlook或者Gmail上面回复？于是我后面也还是继续使用我的私用邮箱，不去折腾什么域名邮箱了，毕竟方便比什么都重要&lt;/p&gt;
&lt;hr&gt;
&lt;p&gt;但是话又说回来，最近发现了这个网易免费企业邮，可以免费绑定你的域名用作域名邮箱，并且直接将MX解析解析到网易，既能收，也能发。而且这个项目也不是刚出的，貌似在2015就已经有了，所以也不用担心灵车，至少比你自建的稳定😋&lt;/p&gt;
&lt;h1 id=&#34;正式开始&#34;&gt;正式开始&lt;/h1&gt;
&lt;h2 id=&#34;创建账号并配置管理员&#34;&gt;创建账号并配置管理员&lt;/h2&gt;
&lt;p&gt;首先前往 &lt;a href=&#34;https://ym.163.com/&#34;&gt;网易免费企业邮箱&lt;/a&gt; 创建一个账号。直接用手机号注册&lt;/p&gt;
&lt;p&gt;注意，注册完毕后登录账户名和登录密码会通过&lt;strong&gt;短信&lt;/strong&gt;发给你，然后前往 &lt;a href=&#34;https://mail.qiye.163.com/&#34;&gt;https://mail.qiye.163.com/&lt;/a&gt; 进行登录&lt;/p&gt;
&lt;p&gt;如果你不喜欢系统随机生成的密码，可以先点击忘记密码，然后填写账户名，验证绑定的手机号后即可重置密码&lt;/p&gt;
&lt;p&gt;登陆进去后大概是这样&lt;/p&gt;
&lt;p&gt;&lt;img alt=&#34;img&#34; loading=&#34;lazy&#34; src=&#34;https://r.muyoung.com/blogimg/20250314095322943.webp&#34;&gt;&lt;/p&gt;
&lt;p&gt;如果你不喜欢你的账户名，比如我最开始的就是postmaster@muyoung.freeqiye.com，这个postmaster其实是可以更改的&lt;/p&gt;
&lt;p&gt;在组织机构管理中点击账号管理，选择新建账号&lt;/p&gt;
&lt;p&gt;&lt;img alt=&#34;image-20250314094845463&#34; loading=&#34;lazy&#34; src=&#34;https://r.muyoung.com/blogimg/20250314095328858.png&#34;&gt;&lt;/p&gt;
&lt;p&gt;然后写一个你想要的别名。绑定手机填你的，因为第一次登录需要验证码验证，如果填错了直接删除即可&lt;/p&gt;
&lt;p&gt;&lt;img alt=&#34;image-20250314094947188&#34; loading=&#34;lazy&#34; src=&#34;https://r.muyoung.com/blogimg/20250314095543249.png&#34;&gt;&lt;/p&gt;
&lt;p&gt;然后我们需要给这个新账号提权，如果你想用webmaster登录后台的话&lt;/p&gt;
&lt;p&gt;&lt;img alt=&#34;img&#34; loading=&#34;lazy&#34; src=&#34;https://r.muyoung.com/blogimg/20250314095332712.webp&#34;&gt;&lt;/p&gt;
&lt;p&gt;接着右上角退出登录，然后使用新创建的管理员账户登录&lt;/p&gt;
&lt;h2 id=&#34;绑定你的域名&#34;&gt;绑定你的域名&lt;/h2&gt;
&lt;p&gt;前往组织机构管理 - 域名管理 - 添加域名&lt;/p&gt;
&lt;p&gt;&lt;img alt=&#34;image-20250314095033346&#34; loading=&#34;lazy&#34; src=&#34;https://r.muyoung.com/blogimg/20250314095333485.png&#34;&gt;&lt;/p&gt;
&lt;p&gt;根据提示在你的域名提供商（比如Cloudflare）配置TXT记录和MX记录即可&lt;/p&gt;
&lt;p&gt;之后可以在之前的账号管理切换成自己的域名后缀&lt;/p&gt;
&lt;h2 id=&#34;登录你的邮箱&#34;&gt;登录你的邮箱&lt;a href=&#34;https://www.onani.cn/posts/163-free-domain-email/#%E7%99%BB%E5%BD%95%E4%BD%A0%E7%9A%84%E9%82%AE%E7%AE%B1&#34;&gt;#&lt;/a&gt;&lt;/h2&gt;
&lt;p&gt;前往 &lt;a href=&#34;https://dashi.163.com/&#34;&gt;网易邮箱大师-高效强大的全平台邮箱客户端&lt;/a&gt; 下载对应的版本&lt;/p&gt;
&lt;p&gt;使用你的邮箱 + 密码进行登录即可。如果需要手机验证验证即可。最好下载一个手机端的网易邮箱大师，在手机端登录后任何其他平台登录都会需要手机端授权，更安全&lt;/p&gt;</description>
    </item>
  </channel>
</rss>
