<?xml version="1.0" encoding="utf-8" standalone="yes"?>
<rss version="2.0" xmlns:atom="http://www.w3.org/2005/Atom" xmlns:content="http://purl.org/rss/1.0/modules/content/">
  <channel>
    <title>Hugo on 慕阳博客</title>
    <link>https://blog.muyoung.com/tags/hugo/</link>
    <description>Recent content in Hugo on 慕阳博客</description>
    <generator>Hugo -- 0.145.0</generator>
    <language>zh-CN</language>
    <lastBuildDate>Tue, 11 Mar 2025 23:55:20 +0800</lastBuildDate>
    <atom:link href="https://blog.muyoung.com/tags/hugo/index.xml" rel="self" type="application/rss+xml" />
    <item>
      <title>Hugo博客搭建教程以及配置调优</title>
      <link>https://blog.muyoung.com/posts/hugo/</link>
      <pubDate>Tue, 11 Mar 2025 23:55:20 +0800</pubDate>
      <guid>https://blog.muyoung.com/posts/hugo/</guid>
      <description>&lt;h1 id=&#34;正式开始&#34;&gt;正式开始&lt;/h1&gt;
&lt;blockquote&gt;
&lt;p&gt;请全程在Windows上操作&lt;/p&gt;&lt;/blockquote&gt;
&lt;p&gt;我们首先需要安装Scoop，这是一个适用于Windows的包管理器，个人认为非常好用&lt;/p&gt;
&lt;p&gt;Scoop默认会安装到C盘，如果你想要换盘请按需更改&lt;/p&gt;
&lt;div class=&#34;highlight&#34;&gt;&lt;pre tabindex=&#34;0&#34; style=&#34;color:#f8f8f2;background-color:#272822;-moz-tab-size:4;-o-tab-size:4;tab-size:4;&#34;&gt;&lt;code class=&#34;language-powershell&#34; data-lang=&#34;powershell&#34;&gt;&lt;span style=&#34;display:flex;&#34;&gt;&lt;span&gt;$env:SCOOP=&lt;span style=&#34;color:#e6db74&#34;&gt;&amp;#39;D:\Scoop&amp;#39;&lt;/span&gt;
&lt;/span&gt;&lt;/span&gt;&lt;span style=&#34;display:flex;&#34;&gt;&lt;span&gt;$env:SCOOP_GLOBAL=&lt;span style=&#34;color:#e6db74&#34;&gt;&amp;#39;D:\ScoopApps&amp;#39;&lt;/span&gt;
&lt;/span&gt;&lt;/span&gt;&lt;span style=&#34;display:flex;&#34;&gt;&lt;span&gt;[&lt;span style=&#34;color:#66d9ef&#34;&gt;Environment&lt;/span&gt;]::SetEnvironmentVariable(&lt;span style=&#34;color:#e6db74&#34;&gt;&amp;#39;SCOOP&amp;#39;&lt;/span&gt;, $env:SCOOP, &lt;span style=&#34;color:#e6db74&#34;&gt;&amp;#39;User&amp;#39;&lt;/span&gt;)
&lt;/span&gt;&lt;/span&gt;&lt;span style=&#34;display:flex;&#34;&gt;&lt;span&gt;[&lt;span style=&#34;color:#66d9ef&#34;&gt;Environment&lt;/span&gt;]::SetEnvironmentVariable(&lt;span style=&#34;color:#e6db74&#34;&gt;&amp;#39;SCOOP_GLOBAL&amp;#39;&lt;/span&gt;, $env:SCOOP_GLOBAL, &lt;span style=&#34;color:#e6db74&#34;&gt;&amp;#39;Machine&amp;#39;&lt;/span&gt;)
&lt;/span&gt;&lt;/span&gt;&lt;/code&gt;&lt;/pre&gt;&lt;/div&gt;&lt;p&gt;安装Scoop：&lt;/p&gt;
&lt;div class=&#34;highlight&#34;&gt;&lt;pre tabindex=&#34;0&#34; style=&#34;color:#f8f8f2;background-color:#272822;-moz-tab-size:4;-o-tab-size:4;tab-size:4;&#34;&gt;&lt;code class=&#34;language-powershell&#34; data-lang=&#34;powershell&#34;&gt;&lt;span style=&#34;display:flex;&#34;&gt;&lt;span&gt;Set-ExecutionPolicy -ExecutionPolicy RemoteSigned -Scope CurrentUser
&lt;/span&gt;&lt;/span&gt;&lt;span style=&#34;display:flex;&#34;&gt;&lt;span&gt;Invoke-RestMethod -Uri https&lt;span style=&#34;color:#960050;background-color:#1e0010&#34;&gt;:&lt;/span&gt;//get.scoop.sh | Invoke-Expression
&lt;/span&gt;&lt;/span&gt;&lt;/code&gt;&lt;/pre&gt;&lt;/div&gt;&lt;p&gt;如果你以管理员的身份会安装失败，请切换为普通用户。若想强制以管理员身份安装Scoop请使用&lt;/p&gt;
&lt;p&gt;&lt;a href=&#34;https://github.com/ScoopInstaller/Install#for-admin&#34;&gt;github原帖&lt;/a&gt;&lt;/p&gt;
&lt;p&gt;出于安全考虑，默认情况下已禁用管理员控制台下的安装。如果您知道自己在做什么并希望以管理员身份安装Scoop，请下载安装程序并在提升的控制台中手动执行它，使用 &lt;code&gt;-RunAsAdmin&lt;/code&gt; 参数。以下是示例：&lt;/p&gt;
&lt;div class=&#34;highlight&#34;&gt;&lt;pre tabindex=&#34;0&#34; style=&#34;color:#f8f8f2;background-color:#272822;-moz-tab-size:4;-o-tab-size:4;tab-size:4;&#34;&gt;&lt;code class=&#34;language-powershell&#34; data-lang=&#34;powershell&#34;&gt;&lt;span style=&#34;display:flex;&#34;&gt;&lt;span&gt;irm get.scoop.sh -outfile &lt;span style=&#34;color:#e6db74&#34;&gt;&amp;#39;install.ps1&amp;#39;&lt;/span&gt;
&lt;/span&gt;&lt;/span&gt;&lt;span style=&#34;display:flex;&#34;&gt;&lt;span&gt;.\install.ps1 -RunAsAdmin [-OtherParameters ...]
&lt;/span&gt;&lt;/span&gt;&lt;span style=&#34;display:flex;&#34;&gt;&lt;span&gt;&lt;span style=&#34;color:#75715e&#34;&gt;# 如果你想要一行解决：&lt;/span&gt;
&lt;/span&gt;&lt;/span&gt;&lt;span style=&#34;display:flex;&#34;&gt;&lt;span&gt;iex &lt;span style=&#34;color:#e6db74&#34;&gt;&amp;#34;&amp;amp; {&lt;/span&gt;$(irm get.scoop.sh)&lt;span style=&#34;color:#e6db74&#34;&gt;} -RunAsAdmin&amp;#34;&lt;/span&gt;
&lt;/span&gt;&lt;/span&gt;&lt;/code&gt;&lt;/pre&gt;&lt;/div&gt;&lt;p&gt;安装Hugo框架：&lt;/p&gt;
&lt;div class=&#34;highlight&#34;&gt;&lt;pre tabindex=&#34;0&#34; style=&#34;color:#f8f8f2;background-color:#272822;-moz-tab-size:4;-o-tab-size:4;tab-size:4;&#34;&gt;&lt;code class=&#34;language-powershell&#34; data-lang=&#34;powershell&#34;&gt;&lt;span style=&#34;display:flex;&#34;&gt;&lt;span&gt;scoop install hugo
&lt;/span&gt;&lt;/span&gt;&lt;/code&gt;&lt;/pre&gt;&lt;/div&gt;&lt;p&gt;然后选择一个你喜欢的文件夹创建你的站点。 &lt;code&gt;myblog&lt;/code&gt; 即你的站点文件夹名称&lt;/p&gt;
&lt;div class=&#34;highlight&#34;&gt;&lt;pre tabindex=&#34;0&#34; style=&#34;color:#f8f8f2;background-color:#272822;-moz-tab-size:4;-o-tab-size:4;tab-size:4;&#34;&gt;&lt;code class=&#34;language-shell&#34; data-lang=&#34;shell&#34;&gt;&lt;span style=&#34;display:flex;&#34;&gt;&lt;span&gt;hugo new site myblog
&lt;/span&gt;&lt;/span&gt;&lt;span style=&#34;display:flex;&#34;&gt;&lt;span&gt;cd myblog
&lt;/span&gt;&lt;/span&gt;&lt;/code&gt;&lt;/pre&gt;&lt;/div&gt;&lt;p&gt;安装PaperMod主题：&lt;/p&gt;
&lt;div class=&#34;highlight&#34;&gt;&lt;pre tabindex=&#34;0&#34; style=&#34;color:#f8f8f2;background-color:#272822;-moz-tab-size:4;-o-tab-size:4;tab-size:4;&#34;&gt;&lt;code class=&#34;language-shell&#34; data-lang=&#34;shell&#34;&gt;&lt;span style=&#34;display:flex;&#34;&gt;&lt;span&gt;git clone https://github.com/adityatelange/hugo-PaperMod.git themes/PaperMod
&lt;/span&gt;&lt;/span&gt;&lt;/code&gt;&lt;/pre&gt;&lt;/div&gt;&lt;p&gt;站点根目录会有一个 &lt;code&gt;hugo.toml&lt;/code&gt;。我推荐使用YAML。将文件重命名为 &lt;code&gt;hugo.yaml&lt;/code&gt;。粘贴并更改以下内容&lt;/p&gt;
&lt;div class=&#34;highlight&#34;&gt;&lt;pre tabindex=&#34;0&#34; style=&#34;color:#f8f8f2;background-color:#272822;-moz-tab-size:4;-o-tab-size:4;tab-size:4;&#34;&gt;&lt;code class=&#34;language-yaml&#34; data-lang=&#34;yaml&#34;&gt;&lt;span style=&#34;display:flex;&#34;&gt;&lt;span&gt;&lt;span style=&#34;color:#f92672&#34;&gt;baseURL&lt;/span&gt;: &lt;span style=&#34;color:#e6db74&#34;&gt;&amp;#34;https://站点url&amp;#34;&lt;/span&gt;
&lt;/span&gt;&lt;/span&gt;&lt;span style=&#34;display:flex;&#34;&gt;&lt;span&gt;&lt;span style=&#34;color:#f92672&#34;&gt;title&lt;/span&gt;: &lt;span style=&#34;color:#e6db74&#34;&gt;&amp;#34;网站标题&amp;#34;&lt;/span&gt;
&lt;/span&gt;&lt;/span&gt;&lt;span style=&#34;display:flex;&#34;&gt;&lt;span&gt;&lt;span style=&#34;color:#f92672&#34;&gt;LanguageCode&lt;/span&gt;: &lt;span style=&#34;color:#e6db74&#34;&gt;&amp;#34;zh-CN&amp;#34;&lt;/span&gt;
&lt;/span&gt;&lt;/span&gt;&lt;span style=&#34;display:flex;&#34;&gt;&lt;span&gt;&lt;span style=&#34;color:#f92672&#34;&gt;theme&lt;/span&gt;: &lt;span style=&#34;color:#e6db74&#34;&gt;&amp;#34;PaperMod&amp;#34;&lt;/span&gt;
&lt;/span&gt;&lt;/span&gt;&lt;span style=&#34;display:flex;&#34;&gt;&lt;span&gt;
&lt;/span&gt;&lt;/span&gt;&lt;span style=&#34;display:flex;&#34;&gt;&lt;span&gt;&lt;span style=&#34;color:#75715e&#34;&gt;# 启用首页个人简介展示&lt;/span&gt;
&lt;/span&gt;&lt;/span&gt;&lt;span style=&#34;display:flex;&#34;&gt;&lt;span&gt;&lt;span style=&#34;color:#f92672&#34;&gt;params&lt;/span&gt;:
&lt;/span&gt;&lt;/span&gt;&lt;span style=&#34;display:flex;&#34;&gt;&lt;span&gt;  &lt;span style=&#34;color:#75715e&#34;&gt;# 是否启用评论。你需要自己配置，或者直接引入Giscus等评论系统&lt;/span&gt;
&lt;/span&gt;&lt;/span&gt;&lt;span style=&#34;display:flex;&#34;&gt;&lt;span&gt;  &lt;span style=&#34;color:#f92672&#34;&gt;comments&lt;/span&gt;: &lt;span style=&#34;color:#66d9ef&#34;&gt;false&lt;/span&gt;
&lt;/span&gt;&lt;/span&gt;&lt;span style=&#34;display:flex;&#34;&gt;&lt;span&gt;  &lt;span style=&#34;color:#75715e&#34;&gt;# 是否显示代码复制按钮&lt;/span&gt;
&lt;/span&gt;&lt;/span&gt;&lt;span style=&#34;display:flex;&#34;&gt;&lt;span&gt;  &lt;span style=&#34;color:#f92672&#34;&gt;ShowCodeCopyButtons&lt;/span&gt;: &lt;span style=&#34;color:#66d9ef&#34;&gt;true&lt;/span&gt;
&lt;/span&gt;&lt;/span&gt;&lt;span style=&#34;display:flex;&#34;&gt;&lt;span&gt;  &lt;span style=&#34;color:#75715e&#34;&gt;# 是否显示面包屑导航&lt;/span&gt;
&lt;/span&gt;&lt;/span&gt;&lt;span style=&#34;display:flex;&#34;&gt;&lt;span&gt;  &lt;span style=&#34;color:#f92672&#34;&gt;ShowBreadCrumbs&lt;/span&gt;: &lt;span style=&#34;color:#66d9ef&#34;&gt;false&lt;/span&gt;
&lt;/span&gt;&lt;/span&gt;&lt;span style=&#34;display:flex;&#34;&gt;&lt;span&gt;  &lt;span style=&#34;color:#75715e&#34;&gt;# 是否显示阅读时间  &lt;/span&gt;
&lt;/span&gt;&lt;/span&gt;&lt;span style=&#34;display:flex;&#34;&gt;&lt;span&gt;  &lt;span style=&#34;color:#f92672&#34;&gt;ShowReadingTime&lt;/span&gt;: &lt;span style=&#34;color:#66d9ef&#34;&gt;true&lt;/span&gt;
&lt;/span&gt;&lt;/span&gt;&lt;span style=&#34;display:flex;&#34;&gt;&lt;span&gt;  &lt;span style=&#34;color:#75715e&#34;&gt;# 是否显示分享按钮&lt;/span&gt;
&lt;/span&gt;&lt;/span&gt;&lt;span style=&#34;display:flex;&#34;&gt;&lt;span&gt;  &lt;span style=&#34;color:#f92672&#34;&gt;ShowShareButtons&lt;/span&gt;: &lt;span style=&#34;color:#66d9ef&#34;&gt;true&lt;/span&gt;
&lt;/span&gt;&lt;/span&gt;&lt;span style=&#34;display:flex;&#34;&gt;&lt;span&gt;  &lt;span style=&#34;color:#75715e&#34;&gt;# 分享按钮配置&lt;/span&gt;
&lt;/span&gt;&lt;/span&gt;&lt;span style=&#34;display:flex;&#34;&gt;&lt;span&gt;  &lt;span style=&#34;color:#75715e&#34;&gt;# ShareButtons: [&amp;#34;linkedin&amp;#34;, &amp;#34;twitter&amp;#34;]&lt;/span&gt;
&lt;/span&gt;&lt;/span&gt;&lt;span style=&#34;display:flex;&#34;&gt;&lt;span&gt;  &lt;span style=&#34;color:#75715e&#34;&gt;# 是否禁用主题切换按钮&lt;/span&gt;
&lt;/span&gt;&lt;/span&gt;&lt;span style=&#34;display:flex;&#34;&gt;&lt;span&gt;  &lt;span style=&#34;color:#f92672&#34;&gt;disableThemeToggle&lt;/span&gt;: &lt;span style=&#34;color:#66d9ef&#34;&gt;false&lt;/span&gt;
&lt;/span&gt;&lt;/span&gt;&lt;span style=&#34;display:flex;&#34;&gt;&lt;span&gt;  &lt;span style=&#34;color:#f92672&#34;&gt;assets&lt;/span&gt;:
&lt;/span&gt;&lt;/span&gt;&lt;span style=&#34;display:flex;&#34;&gt;&lt;span&gt;    &lt;span style=&#34;color:#f92672&#34;&gt;favicon&lt;/span&gt;: &lt;span style=&#34;color:#e6db74&#34;&gt;&amp;#34;/你的/网站图标.jpg&amp;#34;&lt;/span&gt; &lt;span style=&#34;color:#75715e&#34;&gt;# 需要在static文件夹放置对应的图片&lt;/span&gt;
&lt;/span&gt;&lt;/span&gt;&lt;span style=&#34;display:flex;&#34;&gt;&lt;span&gt;    &lt;span style=&#34;color:#f92672&#34;&gt;iconHeight&lt;/span&gt;: &lt;span style=&#34;color:#ae81ff&#34;&gt;35&lt;/span&gt;
&lt;/span&gt;&lt;/span&gt;&lt;span style=&#34;display:flex;&#34;&gt;&lt;span&gt;  &lt;span style=&#34;color:#75715e&#34;&gt;# 首页信息配置&lt;/span&gt;
&lt;/span&gt;&lt;/span&gt;&lt;span style=&#34;display:flex;&#34;&gt;&lt;span&gt;  &lt;span style=&#34;color:#f92672&#34;&gt;homeInfoParams&lt;/span&gt;:
&lt;/span&gt;&lt;/span&gt;&lt;span style=&#34;display:flex;&#34;&gt;&lt;span&gt;    &lt;span style=&#34;color:#f92672&#34;&gt;Title&lt;/span&gt;: &lt;span style=&#34;color:#e6db74&#34;&gt;&amp;#34;首页展示的标题&amp;#34;&lt;/span&gt;
&lt;/span&gt;&lt;/span&gt;&lt;span style=&#34;display:flex;&#34;&gt;&lt;span&gt;    &lt;span style=&#34;color:#f92672&#34;&gt;Content&lt;/span&gt;: &amp;gt;&lt;span style=&#34;color:#e6db74&#34;&gt;
&lt;/span&gt;&lt;/span&gt;&lt;/span&gt;&lt;span style=&#34;display:flex;&#34;&gt;&lt;span&gt;&lt;span style=&#34;color:#e6db74&#34;&gt;      首页展示的文本&lt;/span&gt;
&lt;/span&gt;&lt;/span&gt;&lt;span style=&#34;display:flex;&#34;&gt;&lt;span&gt;
&lt;/span&gt;&lt;/span&gt;&lt;span style=&#34;display:flex;&#34;&gt;&lt;span&gt;  &lt;span style=&#34;color:#75715e&#34;&gt;# 设置网站头像和首页头像&lt;/span&gt;
&lt;/span&gt;&lt;/span&gt;&lt;span style=&#34;display:flex;&#34;&gt;&lt;span&gt;  &lt;span style=&#34;color:#f92672&#34;&gt;profileMode&lt;/span&gt;:
&lt;/span&gt;&lt;/span&gt;&lt;span style=&#34;display:flex;&#34;&gt;&lt;span&gt;    &lt;span style=&#34;color:#f92672&#34;&gt;enabled&lt;/span&gt;: &lt;span style=&#34;color:#66d9ef&#34;&gt;false&lt;/span&gt; &lt;span style=&#34;color:#75715e&#34;&gt;# 设为 true 将完全替换 homeInfoParams&lt;/span&gt;
&lt;/span&gt;&lt;/span&gt;&lt;span style=&#34;display:flex;&#34;&gt;&lt;span&gt;
&lt;/span&gt;&lt;/span&gt;&lt;span style=&#34;display:flex;&#34;&gt;&lt;span&gt;  &lt;span style=&#34;color:#75715e&#34;&gt;# 网站头像设置 (显示在导航栏)&lt;/span&gt;
&lt;/span&gt;&lt;/span&gt;&lt;span style=&#34;display:flex;&#34;&gt;&lt;span&gt;  &lt;span style=&#34;color:#f92672&#34;&gt;label&lt;/span&gt;:
&lt;/span&gt;&lt;/span&gt;&lt;span style=&#34;display:flex;&#34;&gt;&lt;span&gt;    &lt;span style=&#34;color:#f92672&#34;&gt;text&lt;/span&gt;: &lt;span style=&#34;color:#e6db74&#34;&gt;&amp;#34;左上角显示的文本&amp;#34;&lt;/span&gt;
&lt;/span&gt;&lt;/span&gt;&lt;span style=&#34;display:flex;&#34;&gt;&lt;span&gt;    &lt;span style=&#34;color:#f92672&#34;&gt;icon&lt;/span&gt;: &lt;span style=&#34;color:#e6db74&#34;&gt;&amp;#34;/你的/左上角显示的图片.jpg&amp;#34;&lt;/span&gt; &lt;span style=&#34;color:#75715e&#34;&gt;# 这将显示在导航栏标题旁边。需要在static文件夹放置对应的图片&lt;/span&gt;
&lt;/span&gt;&lt;/span&gt;&lt;span style=&#34;display:flex;&#34;&gt;&lt;span&gt;    &lt;span style=&#34;color:#f92672&#34;&gt;iconHeight&lt;/span&gt;: &lt;span style=&#34;color:#ae81ff&#34;&gt;35&lt;/span&gt;
&lt;/span&gt;&lt;/span&gt;&lt;span style=&#34;display:flex;&#34;&gt;&lt;span&gt;
&lt;/span&gt;&lt;/span&gt;&lt;span style=&#34;display:flex;&#34;&gt;&lt;span&gt;  &lt;span style=&#34;color:#75715e&#34;&gt;# 社交图标 (显示在简介下方)&lt;/span&gt;
&lt;/span&gt;&lt;/span&gt;&lt;span style=&#34;display:flex;&#34;&gt;&lt;span&gt;  &lt;span style=&#34;color:#f92672&#34;&gt;socialIcons&lt;/span&gt;:
&lt;/span&gt;&lt;/span&gt;&lt;span style=&#34;display:flex;&#34;&gt;&lt;span&gt;    - &lt;span style=&#34;color:#f92672&#34;&gt;name&lt;/span&gt;: &lt;span style=&#34;color:#ae81ff&#34;&gt;bilibili&lt;/span&gt;
&lt;/span&gt;&lt;/span&gt;&lt;span style=&#34;display:flex;&#34;&gt;&lt;span&gt;      &lt;span style=&#34;color:#f92672&#34;&gt;url&lt;/span&gt;: &lt;span style=&#34;color:#e6db74&#34;&gt;&amp;#34;&amp;#34;&lt;/span&gt;
&lt;/span&gt;&lt;/span&gt;&lt;span style=&#34;display:flex;&#34;&gt;&lt;span&gt;    - &lt;span style=&#34;color:#f92672&#34;&gt;name&lt;/span&gt;: &lt;span style=&#34;color:#ae81ff&#34;&gt;github&lt;/span&gt;
&lt;/span&gt;&lt;/span&gt;&lt;span style=&#34;display:flex;&#34;&gt;&lt;span&gt;      &lt;span style=&#34;color:#f92672&#34;&gt;url&lt;/span&gt;: &lt;span style=&#34;color:#e6db74&#34;&gt;&amp;#34;&amp;#34;&lt;/span&gt;
&lt;/span&gt;&lt;/span&gt;&lt;span style=&#34;display:flex;&#34;&gt;&lt;span&gt;    - &lt;span style=&#34;color:#f92672&#34;&gt;name&lt;/span&gt;: &lt;span style=&#34;color:#ae81ff&#34;&gt;telegram&lt;/span&gt;
&lt;/span&gt;&lt;/span&gt;&lt;span style=&#34;display:flex;&#34;&gt;&lt;span&gt;      &lt;span style=&#34;color:#f92672&#34;&gt;url&lt;/span&gt;: &lt;span style=&#34;color:#e6db74&#34;&gt;&amp;#34;&amp;#34;&lt;/span&gt;
&lt;/span&gt;&lt;/span&gt;&lt;span style=&#34;display:flex;&#34;&gt;&lt;span&gt;    &lt;span style=&#34;color:#75715e&#34;&gt;# 可以添加更多社交图标 https://github.com/adityatelange/hugo-PaperMod/wiki/Icons&lt;/span&gt;
&lt;/span&gt;&lt;/span&gt;&lt;span style=&#34;display:flex;&#34;&gt;&lt;span&gt;
&lt;/span&gt;&lt;/span&gt;&lt;span style=&#34;display:flex;&#34;&gt;&lt;span&gt;&lt;span style=&#34;color:#75715e&#34;&gt;# 顶部导航栏的快捷链接&lt;/span&gt;
&lt;/span&gt;&lt;/span&gt;&lt;span style=&#34;display:flex;&#34;&gt;&lt;span&gt;&lt;span style=&#34;color:#f92672&#34;&gt;menu&lt;/span&gt;:
&lt;/span&gt;&lt;/span&gt;&lt;span style=&#34;display:flex;&#34;&gt;&lt;span&gt;  &lt;span style=&#34;color:#f92672&#34;&gt;main&lt;/span&gt;:
&lt;/span&gt;&lt;/span&gt;&lt;span style=&#34;display:flex;&#34;&gt;&lt;span&gt;    - &lt;span style=&#34;color:#f92672&#34;&gt;identifier&lt;/span&gt;: &lt;span style=&#34;color:#ae81ff&#34;&gt;categories&lt;/span&gt;
&lt;/span&gt;&lt;/span&gt;&lt;span style=&#34;display:flex;&#34;&gt;&lt;span&gt;      &lt;span style=&#34;color:#f92672&#34;&gt;name&lt;/span&gt;: &lt;span style=&#34;color:#ae81ff&#34;&gt;分类&lt;/span&gt;
&lt;/span&gt;&lt;/span&gt;&lt;span style=&#34;display:flex;&#34;&gt;&lt;span&gt;      &lt;span style=&#34;color:#f92672&#34;&gt;url&lt;/span&gt;: &lt;span style=&#34;color:#ae81ff&#34;&gt;/categories/&lt;/span&gt;
&lt;/span&gt;&lt;/span&gt;&lt;span style=&#34;display:flex;&#34;&gt;&lt;span&gt;      &lt;span style=&#34;color:#f92672&#34;&gt;weight&lt;/span&gt;: &lt;span style=&#34;color:#ae81ff&#34;&gt;10&lt;/span&gt;
&lt;/span&gt;&lt;/span&gt;&lt;span style=&#34;display:flex;&#34;&gt;&lt;span&gt;    - &lt;span style=&#34;color:#f92672&#34;&gt;identifier&lt;/span&gt;: &lt;span style=&#34;color:#ae81ff&#34;&gt;tags&lt;/span&gt;
&lt;/span&gt;&lt;/span&gt;&lt;span style=&#34;display:flex;&#34;&gt;&lt;span&gt;      &lt;span style=&#34;color:#f92672&#34;&gt;name&lt;/span&gt;: &lt;span style=&#34;color:#ae81ff&#34;&gt;标签&lt;/span&gt;
&lt;/span&gt;&lt;/span&gt;&lt;span style=&#34;display:flex;&#34;&gt;&lt;span&gt;      &lt;span style=&#34;color:#f92672&#34;&gt;url&lt;/span&gt;: &lt;span style=&#34;color:#ae81ff&#34;&gt;/tags/&lt;/span&gt;
&lt;/span&gt;&lt;/span&gt;&lt;span style=&#34;display:flex;&#34;&gt;&lt;span&gt;      &lt;span style=&#34;color:#f92672&#34;&gt;weight&lt;/span&gt;: &lt;span style=&#34;color:#ae81ff&#34;&gt;20&lt;/span&gt;
&lt;/span&gt;&lt;/span&gt;&lt;span style=&#34;display:flex;&#34;&gt;&lt;span&gt;    - &lt;span style=&#34;color:#f92672&#34;&gt;identifier&lt;/span&gt;: &lt;span style=&#34;color:#ae81ff&#34;&gt;archives&lt;/span&gt;
&lt;/span&gt;&lt;/span&gt;&lt;span style=&#34;display:flex;&#34;&gt;&lt;span&gt;      &lt;span style=&#34;color:#f92672&#34;&gt;name&lt;/span&gt;: &lt;span style=&#34;color:#ae81ff&#34;&gt;归档&lt;/span&gt;
&lt;/span&gt;&lt;/span&gt;&lt;span style=&#34;display:flex;&#34;&gt;&lt;span&gt;      &lt;span style=&#34;color:#f92672&#34;&gt;url&lt;/span&gt;: &lt;span style=&#34;color:#ae81ff&#34;&gt;/archives/&lt;/span&gt;
&lt;/span&gt;&lt;/span&gt;&lt;span style=&#34;display:flex;&#34;&gt;&lt;span&gt;      &lt;span style=&#34;color:#f92672&#34;&gt;weight&lt;/span&gt;: &lt;span style=&#34;color:#ae81ff&#34;&gt;30&lt;/span&gt;
&lt;/span&gt;&lt;/span&gt;&lt;span style=&#34;display:flex;&#34;&gt;&lt;span&gt;    - &lt;span style=&#34;color:#f92672&#34;&gt;identifier&lt;/span&gt;: &lt;span style=&#34;color:#ae81ff&#34;&gt;search&lt;/span&gt;
&lt;/span&gt;&lt;/span&gt;&lt;span style=&#34;display:flex;&#34;&gt;&lt;span&gt;      &lt;span style=&#34;color:#f92672&#34;&gt;name&lt;/span&gt;: &lt;span style=&#34;color:#ae81ff&#34;&gt;搜索&lt;/span&gt;
&lt;/span&gt;&lt;/span&gt;&lt;span style=&#34;display:flex;&#34;&gt;&lt;span&gt;      &lt;span style=&#34;color:#f92672&#34;&gt;url&lt;/span&gt;: &lt;span style=&#34;color:#ae81ff&#34;&gt;/search/&lt;/span&gt;
&lt;/span&gt;&lt;/span&gt;&lt;span style=&#34;display:flex;&#34;&gt;&lt;span&gt;      &lt;span style=&#34;color:#f92672&#34;&gt;weight&lt;/span&gt;: &lt;span style=&#34;color:#ae81ff&#34;&gt;40&lt;/span&gt;
&lt;/span&gt;&lt;/span&gt;&lt;span style=&#34;display:flex;&#34;&gt;&lt;span&gt;    &lt;span style=&#34;color:#75715e&#34;&gt;# 可以添加更多导航链接。weight的值越高排序越靠后&lt;/span&gt;
&lt;/span&gt;&lt;/span&gt;&lt;span style=&#34;display:flex;&#34;&gt;&lt;span&gt;
&lt;/span&gt;&lt;/span&gt;&lt;span style=&#34;display:flex;&#34;&gt;&lt;span&gt;&lt;span style=&#34;color:#75715e&#34;&gt;# 如果要启用搜索功能，需要添加这个&lt;/span&gt;
&lt;/span&gt;&lt;/span&gt;&lt;span style=&#34;display:flex;&#34;&gt;&lt;span&gt;&lt;span style=&#34;color:#f92672&#34;&gt;outputs&lt;/span&gt;:
&lt;/span&gt;&lt;/span&gt;&lt;span style=&#34;display:flex;&#34;&gt;&lt;span&gt;  &lt;span style=&#34;color:#f92672&#34;&gt;home&lt;/span&gt;:
&lt;/span&gt;&lt;/span&gt;&lt;span style=&#34;display:flex;&#34;&gt;&lt;span&gt;    - &lt;span style=&#34;color:#ae81ff&#34;&gt;HTML&lt;/span&gt;
&lt;/span&gt;&lt;/span&gt;&lt;span style=&#34;display:flex;&#34;&gt;&lt;span&gt;    - &lt;span style=&#34;color:#ae81ff&#34;&gt;RSS&lt;/span&gt;
&lt;/span&gt;&lt;/span&gt;&lt;span style=&#34;display:flex;&#34;&gt;&lt;span&gt;    - &lt;span style=&#34;color:#ae81ff&#34;&gt;JSON&lt;/span&gt; &lt;span style=&#34;color:#75715e&#34;&gt;# 必须，用于搜索功能&lt;/span&gt;
&lt;/span&gt;&lt;/span&gt;&lt;/code&gt;&lt;/pre&gt;&lt;/div&gt;&lt;p&gt;然后我们需要分别配置分类、标签、归档和搜索页&lt;/p&gt;</description>
    </item>
  </channel>
</rss>
