<?xml version="1.0" encoding="utf-8" standalone="yes"?>
<rss version="2.0" xmlns:atom="http://www.w3.org/2005/Atom" xmlns:content="http://purl.org/rss/1.0/modules/content/">
  <channel>
    <title>懒加载 on 慕阳博客</title>
    <link>https://blog.muyoung.com/tags/%E6%87%92%E5%8A%A0%E8%BD%BD/</link>
    <description>Recent content in 懒加载 on 慕阳博客</description>
    <generator>Hugo -- 0.145.0</generator>
    <language>zh-CN</language>
    <lastBuildDate>Fri, 28 Feb 2025 09:49:31 +0800</lastBuildDate>
    <atom:link href="https://blog.muyoung.com/tags/%E6%87%92%E5%8A%A0%E8%BD%BD/index.xml" rel="self" type="application/rss+xml" />
    <item>
      <title>收藏几个动态懒加载图片</title>
      <link>https://blog.muyoung.com/posts/loadinggif/</link>
      <pubDate>Fri, 28 Feb 2025 09:49:31 +0800</pubDate>
      <guid>https://blog.muyoung.com/posts/loadinggif/</guid>
      <description>&lt;h1 id=&#34;前言&#34;&gt;&lt;strong&gt;前言&lt;/strong&gt;&lt;/h1&gt;
&lt;p&gt;一直想把网站的懒加载图片换掉，因为主题默认的是个骷髅图片，自己不喜欢。但是我又不知道去哪儿找，网上找的一些不是图片模糊就是样式不喜欢。这里要感谢&lt;a href=&#34;https://kunkunyu.com/&#34;&gt;&lt;strong&gt;@困困鱼&lt;/strong&gt;&lt;/a&gt;提供的图片，样式都很不错，专门收藏下来。&lt;/p&gt;
&lt;p&gt;加载图片&lt;/p&gt;
&lt;p&gt;&lt;img alt=&#34;img&#34; loading=&#34;lazy&#34; src=&#34;https://r.muyoung.com/blogimg/202502280944101.gif&#34;&gt;&lt;/p&gt;
&lt;p&gt;&lt;img alt=&#34;img&#34; loading=&#34;lazy&#34; src=&#34;https://r.muyoung.com/blogimg/202502280946977.gif&#34;&gt;&lt;/p&gt;
&lt;p&gt;&lt;img alt=&#34;img&#34; loading=&#34;lazy&#34; src=&#34;https://r.muyoung.com/blogimg/202502280946802.gif&#34;&gt;&lt;/p&gt;
&lt;p&gt;&lt;img alt=&#34;img&#34; loading=&#34;lazy&#34; src=&#34;https://r.muyoung.com/blogimg/202502280946848.gif&#34;&gt;&lt;/p&gt;
&lt;p&gt;&lt;img alt=&#34;img&#34; loading=&#34;lazy&#34; src=&#34;https://r.muyoung.com/blogimg/202502280947746.gif&#34;&gt;&lt;/p&gt;
&lt;p&gt;&lt;img alt=&#34;img&#34; loading=&#34;lazy&#34; src=&#34;https://r.muyoung.com/blogimg/202502280947886.gif&#34;&gt;&lt;/p&gt;
&lt;p&gt;&lt;img alt=&#34;img&#34; loading=&#34;lazy&#34; src=&#34;https://r.muyoung.com/blogimg/202502280947818.gif&#34;&gt;&lt;/p&gt;
&lt;p&gt;&lt;img alt=&#34;img&#34; loading=&#34;lazy&#34; src=&#34;https://r.muyoung.com/blogimg/202502280947774.gif&#34;&gt;&lt;/p&gt;
&lt;p&gt;&lt;img alt=&#34;img&#34; loading=&#34;lazy&#34; src=&#34;https://r.muyoung.com/blogimg/202502280948966.gif&#34;&gt;&lt;/p&gt;
&lt;p&gt;&lt;img alt=&#34;img&#34; loading=&#34;lazy&#34; src=&#34;https://r.muyoung.com/blogimg/202502280948436.gif&#34;&gt;&lt;/p&gt;
&lt;p&gt;&lt;img alt=&#34;img&#34; loading=&#34;lazy&#34; src=&#34;https://r.muyoung.com/blogimg/202502280948576.gif&#34;&gt;&lt;/p&gt;</description>
    </item>
  </channel>
</rss>
