<?xml version="1.0" encoding="utf-8" standalone="yes"?>
<rss version="2.0" xmlns:atom="http://www.w3.org/2005/Atom" xmlns:content="http://purl.org/rss/1.0/modules/content/">
  <channel>
    <title>标签 on 慕阳博客</title>
    <link>https://blog.muyoung.com/tags/</link>
    <description>Recent content in 标签 on 慕阳博客</description>
    <generator>Hugo -- 0.145.0</generator>
    <language>zh-CN</language>
    <lastBuildDate>Fri, 14 Mar 2025 10:19:00 +0800</lastBuildDate>
    <atom:link href="https://blog.muyoung.com/tags/index.xml" rel="self" type="application/rss+xml" />
    <item>
      <title>Nfs</title>
      <link>https://blog.muyoung.com/tags/nfs/</link>
      <pubDate>Fri, 14 Mar 2025 10:19:00 +0800</pubDate>
      <guid>https://blog.muyoung.com/tags/nfs/</guid>
      <description></description>
    </item>
    <item>
      <title>Pve</title>
      <link>https://blog.muyoung.com/tags/pve/</link>
      <pubDate>Fri, 14 Mar 2025 10:19:00 +0800</pubDate>
      <guid>https://blog.muyoung.com/tags/pve/</guid>
      <description></description>
    </item>
    <item>
      <title>Truenas</title>
      <link>https://blog.muyoung.com/tags/truenas/</link>
      <pubDate>Fri, 14 Mar 2025 10:19:00 +0800</pubDate>
      <guid>https://blog.muyoung.com/tags/truenas/</guid>
      <description></description>
    </item>
    <item>
      <title>Cloudinit</title>
      <link>https://blog.muyoung.com/tags/cloudinit/</link>
      <pubDate>Fri, 14 Mar 2025 10:13:42 +0800</pubDate>
      <guid>https://blog.muyoung.com/tags/cloudinit/</guid>
      <description></description>
    </item>
    <item>
      <title>Docker</title>
      <link>https://blog.muyoung.com/tags/docker/</link>
      <pubDate>Fri, 14 Mar 2025 10:07:40 +0800</pubDate>
      <guid>https://blog.muyoung.com/tags/docker/</guid>
      <description></description>
    </item>
    <item>
      <title>Docker-Compose</title>
      <link>https://blog.muyoung.com/tags/docker-compose/</link>
      <pubDate>Fri, 14 Mar 2025 10:07:40 +0800</pubDate>
      <guid>https://blog.muyoung.com/tags/docker-compose/</guid>
      <description></description>
    </item>
    <item>
      <title>域名邮箱</title>
      <link>https://blog.muyoung.com/tags/%E5%9F%9F%E5%90%8D%E9%82%AE%E7%AE%B1/</link>
      <pubDate>Fri, 14 Mar 2025 09:44:45 +0800</pubDate>
      <guid>https://blog.muyoung.com/tags/%E5%9F%9F%E5%90%8D%E9%82%AE%E7%AE%B1/</guid>
      <description></description>
    </item>
    <item>
      <title>网易企业免费邮</title>
      <link>https://blog.muyoung.com/tags/%E7%BD%91%E6%98%93%E4%BC%81%E4%B8%9A%E5%85%8D%E8%B4%B9%E9%82%AE/</link>
      <pubDate>Fri, 14 Mar 2025 09:44:45 +0800</pubDate>
      <guid>https://blog.muyoung.com/tags/%E7%BD%91%E6%98%93%E4%BC%81%E4%B8%9A%E5%85%8D%E8%B4%B9%E9%82%AE/</guid>
      <description></description>
    </item>
    <item>
      <title>Nginx</title>
      <link>https://blog.muyoung.com/tags/nginx/</link>
      <pubDate>Fri, 14 Mar 2025 09:39:18 +0800</pubDate>
      <guid>https://blog.muyoung.com/tags/nginx/</guid>
      <description></description>
    </item>
    <item>
      <title>Lxc</title>
      <link>https://blog.muyoung.com/tags/lxc/</link>
      <pubDate>Wed, 12 Mar 2025 14:46:06 +0800</pubDate>
      <guid>https://blog.muyoung.com/tags/lxc/</guid>
      <description></description>
    </item>
    <item>
      <title>Nat</title>
      <link>https://blog.muyoung.com/tags/nat/</link>
      <pubDate>Wed, 12 Mar 2025 14:46:06 +0800</pubDate>
      <guid>https://blog.muyoung.com/tags/nat/</guid>
      <description></description>
    </item>
    <item>
      <title>Zerotier</title>
      <link>https://blog.muyoung.com/tags/zerotier/</link>
      <pubDate>Wed, 12 Mar 2025 14:46:06 +0800</pubDate>
      <guid>https://blog.muyoung.com/tags/zerotier/</guid>
      <description></description>
    </item>
    <item>
      <title>Cloudflare</title>
      <link>https://blog.muyoung.com/tags/cloudflare/</link>
      <pubDate>Wed, 12 Mar 2025 09:51:40 +0800</pubDate>
      <guid>https://blog.muyoung.com/tags/cloudflare/</guid>
      <description></description>
    </item>
    <item>
      <title>Picgo</title>
      <link>https://blog.muyoung.com/tags/picgo/</link>
      <pubDate>Wed, 12 Mar 2025 09:51:40 +0800</pubDate>
      <guid>https://blog.muyoung.com/tags/picgo/</guid>
      <description></description>
    </item>
    <item>
      <title>R2</title>
      <link>https://blog.muyoung.com/tags/r2/</link>
      <pubDate>Wed, 12 Mar 2025 09:51:40 +0800</pubDate>
      <guid>https://blog.muyoung.com/tags/r2/</guid>
      <description></description>
    </item>
    <item>
      <title>Hugo</title>
      <link>https://blog.muyoung.com/tags/hugo/</link>
      <pubDate>Tue, 11 Mar 2025 23:55:20 +0800</pubDate>
      <guid>https://blog.muyoung.com/tags/hugo/</guid>
      <description></description>
    </item>
    <item>
      <title>Music</title>
      <link>https://blog.muyoung.com/tags/music/</link>
      <pubDate>Tue, 11 Mar 2025 22:47:30 +0800</pubDate>
      <guid>https://blog.muyoung.com/tags/music/</guid>
      <description></description>
    </item>
    <item>
      <title>Swap</title>
      <link>https://blog.muyoung.com/tags/swap/</link>
      <pubDate>Tue, 04 Mar 2025 13:50:14 +0800</pubDate>
      <guid>https://blog.muyoung.com/tags/swap/</guid>
      <description></description>
    </item>
    <item>
      <title>硬件直通</title>
      <link>https://blog.muyoung.com/tags/%E7%A1%AC%E4%BB%B6%E7%9B%B4%E9%80%9A/</link>
      <pubDate>Tue, 04 Mar 2025 13:50:14 +0800</pubDate>
      <guid>https://blog.muyoung.com/tags/%E7%A1%AC%E4%BB%B6%E7%9B%B4%E9%80%9A/</guid>
      <description></description>
    </item>
    <item>
      <title>Minio</title>
      <link>https://blog.muyoung.com/tags/minio/</link>
      <pubDate>Tue, 04 Mar 2025 12:31:57 +0800</pubDate>
      <guid>https://blog.muyoung.com/tags/minio/</guid>
      <description></description>
    </item>
    <item>
      <title>反向代理</title>
      <link>https://blog.muyoung.com/tags/%E5%8F%8D%E5%90%91%E4%BB%A3%E7%90%86/</link>
      <pubDate>Tue, 04 Mar 2025 12:31:57 +0800</pubDate>
      <guid>https://blog.muyoung.com/tags/%E5%8F%8D%E5%90%91%E4%BB%A3%E7%90%86/</guid>
      <description></description>
    </item>
    <item>
      <title>图床</title>
      <link>https://blog.muyoung.com/tags/%E5%9B%BE%E5%BA%8A/</link>
      <pubDate>Tue, 04 Mar 2025 12:31:57 +0800</pubDate>
      <guid>https://blog.muyoung.com/tags/%E5%9B%BE%E5%BA%8A/</guid>
      <description></description>
    </item>
    <item>
      <title>Centos</title>
      <link>https://blog.muyoung.com/tags/centos/</link>
      <pubDate>Fri, 28 Feb 2025 14:56:11 +0800</pubDate>
      <guid>https://blog.muyoung.com/tags/centos/</guid>
      <description></description>
    </item>
    <item>
      <title>Linux</title>
      <link>https://blog.muyoung.com/tags/linux/</link>
      <pubDate>Fri, 28 Feb 2025 14:56:11 +0800</pubDate>
      <guid>https://blog.muyoung.com/tags/linux/</guid>
      <description></description>
    </item>
    <item>
      <title>懒加载</title>
      <link>https://blog.muyoung.com/tags/%E6%87%92%E5%8A%A0%E8%BD%BD/</link>
      <pubDate>Fri, 28 Feb 2025 09:49:31 +0800</pubDate>
      <guid>https://blog.muyoung.com/tags/%E6%87%92%E5%8A%A0%E8%BD%BD/</guid>
      <description></description>
    </item>
    <item>
      <title>Shell</title>
      <link>https://blog.muyoung.com/tags/shell/</link>
      <pubDate>Thu, 27 Feb 2025 17:38:22 +0800</pubDate>
      <guid>https://blog.muyoung.com/tags/shell/</guid>
      <description></description>
    </item>
    <item>
      <title>Esxi</title>
      <link>https://blog.muyoung.com/tags/esxi/</link>
      <pubDate>Thu, 27 Feb 2025 17:37:05 +0800</pubDate>
      <guid>https://blog.muyoung.com/tags/esxi/</guid>
      <description></description>
    </item>
    <item>
      <title>Vmware</title>
      <link>https://blog.muyoung.com/tags/vmware/</link>
      <pubDate>Thu, 27 Feb 2025 17:37:05 +0800</pubDate>
      <guid>https://blog.muyoung.com/tags/vmware/</guid>
      <description></description>
    </item>
    <item>
      <title>证书</title>
      <link>https://blog.muyoung.com/tags/%E8%AF%81%E4%B9%A6/</link>
      <pubDate>Thu, 27 Feb 2025 17:37:05 +0800</pubDate>
      <guid>https://blog.muyoung.com/tags/%E8%AF%81%E4%B9%A6/</guid>
      <description></description>
    </item>
  </channel>
</rss>
