<?xml version="1.0" encoding="utf-8" standalone="yes"?>
<rss version="2.0" xmlns:atom="http://www.w3.org/2005/Atom" xmlns:content="http://purl.org/rss/1.0/modules/content/">
  <channel>
    <title>分类 on 慕阳博客</title>
    <link>https://blog.muyoung.com/categories/</link>
    <description>Recent content in 分类 on 慕阳博客</description>
    <generator>Hugo -- 0.145.0</generator>
    <language>zh-CN</language>
    <lastBuildDate>Fri, 14 Mar 2025 10:19:00 +0800</lastBuildDate>
    <atom:link href="https://blog.muyoung.com/categories/index.xml" rel="self" type="application/rss+xml" />
    <item>
      <title>TrueNAS</title>
      <link>https://blog.muyoung.com/categories/truenas/</link>
      <pubDate>Fri, 14 Mar 2025 10:19:00 +0800</pubDate>
      <guid>https://blog.muyoung.com/categories/truenas/</guid>
      <description></description>
    </item>
    <item>
      <title>PVE</title>
      <link>https://blog.muyoung.com/categories/pve/</link>
      <pubDate>Fri, 14 Mar 2025 10:13:42 +0800</pubDate>
      <guid>https://blog.muyoung.com/categories/pve/</guid>
      <description></description>
    </item>
    <item>
      <title>Docker</title>
      <link>https://blog.muyoung.com/categories/docker/</link>
      <pubDate>Fri, 14 Mar 2025 10:07:40 +0800</pubDate>
      <guid>https://blog.muyoung.com/categories/docker/</guid>
      <description></description>
    </item>
    <item>
      <title>经验分享</title>
      <link>https://blog.muyoung.com/categories/%E7%BB%8F%E9%AA%8C%E5%88%86%E4%BA%AB/</link>
      <pubDate>Fri, 14 Mar 2025 09:44:45 +0800</pubDate>
      <guid>https://blog.muyoung.com/categories/%E7%BB%8F%E9%AA%8C%E5%88%86%E4%BA%AB/</guid>
      <description></description>
    </item>
    <item>
      <title>心情说说</title>
      <link>https://blog.muyoung.com/categories/%E5%BF%83%E6%83%85%E8%AF%B4%E8%AF%B4/</link>
      <pubDate>Tue, 11 Mar 2025 22:47:30 +0800</pubDate>
      <guid>https://blog.muyoung.com/categories/%E5%BF%83%E6%83%85%E8%AF%B4%E8%AF%B4/</guid>
      <description></description>
    </item>
    <item>
      <title>[PVE]</title>
      <link>https://blog.muyoung.com/categories/pve/</link>
      <pubDate>Tue, 04 Mar 2025 13:50:14 +0800</pubDate>
      <guid>https://blog.muyoung.com/categories/pve/</guid>
      <description></description>
    </item>
    <item>
      <title>Linux</title>
      <link>https://blog.muyoung.com/categories/linux/</link>
      <pubDate>Fri, 28 Feb 2025 14:56:11 +0800</pubDate>
      <guid>https://blog.muyoung.com/categories/linux/</guid>
      <description></description>
    </item>
  </channel>
</rss>
