<?xml version="1.0" encoding="utf-8" standalone="yes"?>
<rss version="2.0" xmlns:atom="http://www.w3.org/2005/Atom" xmlns:content="http://purl.org/rss/1.0/modules/content/">
  <channel>
    <title>Zerotier on 慕阳博客</title>
    <link>https://blog.muyoung.com/tags/zerotier/</link>
    <description>Recent content in Zerotier on 慕阳博客</description>
    <generator>Hugo -- 0.145.0</generator>
    <language>zh-CN</language>
    <lastBuildDate>Wed, 12 Mar 2025 14:46:06 +0800</lastBuildDate>
    <atom:link href="https://blog.muyoung.com/tags/zerotier/index.xml" rel="self" type="application/rss+xml" />
    <item>
      <title>lxc搭建zerotier转发nat内网</title>
      <link>https://blog.muyoung.com/posts/lxczerotiernat/</link>
      <pubDate>Wed, 12 Mar 2025 14:46:06 +0800</pubDate>
      <guid>https://blog.muyoung.com/posts/lxczerotiernat/</guid>
      <description>&lt;p&gt;宿主机 nano /etc/pve/lxc/lxc-id.conf
文件最后添加&lt;/p&gt;
&lt;pre tabindex=&#34;0&#34;&gt;&lt;code&gt;lxc.cgroup2.devices.allow: c 10:200 rwm 
lxc.mount.entry: /dev/net/tun dev/net/tun none bind,create=file
&lt;/code&gt;&lt;/pre&gt;&lt;p&gt;安装zerotier&lt;/p&gt;
&lt;pre tabindex=&#34;0&#34;&gt;&lt;code&gt;curl -s https://install.zerotier.com | sudo bash
&lt;/code&gt;&lt;/pre&gt;&lt;p&gt;加入&lt;/p&gt;
&lt;pre tabindex=&#34;0&#34;&gt;&lt;code&gt;zerotier-cli join
&lt;/code&gt;&lt;/pre&gt;&lt;p&gt;设置转发&lt;/p&gt;
&lt;pre tabindex=&#34;0&#34;&gt;&lt;code&gt;echo &amp;#34;net.ipv4.ip_forward = 1&amp;#34; &amp;gt;&amp;gt; /etc/sysctl.conf &amp;amp;&amp;amp; sysctl -p
&lt;/code&gt;&lt;/pre&gt;&lt;p&gt;配置nat&lt;/p&gt;
&lt;pre tabindex=&#34;0&#34;&gt;&lt;code&gt;iptables -t nat -A POSTROUTING -o eth0 -j MASQUERADE
&lt;/code&gt;&lt;/pre&gt;&lt;p&gt;开机自动nat 持久化保存&lt;/p&gt;
&lt;pre tabindex=&#34;0&#34;&gt;&lt;code&gt;apt install -y iptables-persistent &amp;amp;&amp;amp; bash -c iptables-save &amp;gt; /etc/iptables/rules.v4
&lt;/code&gt;&lt;/pre&gt;</description>
    </item>
  </channel>
</rss>
