<?xml version="1.0" encoding="utf-8" standalone="yes"?>
<rss version="2.0" xmlns:atom="http://www.w3.org/2005/Atom" xmlns:content="http://purl.org/rss/1.0/modules/content/">
  <channel>
    <title>Music on 慕阳博客</title>
    <link>https://blog.muyoung.com/tags/music/</link>
    <description>Recent content in Music on 慕阳博客</description>
    <generator>Hugo -- 0.145.0</generator>
    <language>zh-CN</language>
    <lastBuildDate>Tue, 11 Mar 2025 22:47:30 +0800</lastBuildDate>
    <atom:link href="https://blog.muyoung.com/tags/music/index.xml" rel="self" type="application/rss+xml" />
    <item>
      <title>音乐推荐</title>
      <link>https://blog.muyoung.com/posts/musicrecommend/</link>
      <pubDate>Tue, 11 Mar 2025 22:47:30 +0800</pubDate>
      <guid>https://blog.muyoung.com/posts/musicrecommend/</guid>
      <description>&lt;h1 id=&#34;更新时间2025-02-28&#34;&gt;更新时间：2025-02-28&lt;/h1&gt;
&lt;p&gt;&lt;strong&gt;音乐名称&lt;/strong&gt;：&lt;strong&gt;Troublemaker&lt;/strong&gt;&lt;/p&gt;
&lt;p&gt;&lt;strong&gt;歌手&lt;/strong&gt;：&lt;strong&gt;Akon&lt;/strong&gt;&lt;/p&gt;
&lt;p&gt;&lt;strong&gt;专辑&lt;/strong&gt;：&lt;strong&gt;Troublemaker&lt;/strong&gt;&lt;/p&gt;
&lt;h1 id=&#34;更新时间2025-02-27&#34;&gt;更新时间：2025-02-27&lt;/h1&gt;
&lt;p&gt;&lt;strong&gt;音乐名称&lt;/strong&gt;：&lt;strong&gt;Whiskey and Morphine&lt;/strong&gt;&lt;/p&gt;
&lt;p&gt;&lt;strong&gt;歌手&lt;/strong&gt;：&lt;strong&gt;Alexander Jean&lt;/strong&gt;&lt;/p&gt;
&lt;p&gt;&lt;strong&gt;专辑&lt;/strong&gt;：&lt;strong&gt;Head High&lt;/strong&gt;&lt;/p&gt;
&lt;h1 id=&#34;更新时间2025-02-27-1&#34;&gt;更新时间：2025-02-27&lt;/h1&gt;
&lt;p&gt;&lt;strong&gt;音乐名称&lt;/strong&gt;：&lt;strong&gt;PARANOIA&lt;/strong&gt;&lt;/p&gt;
&lt;p&gt;&lt;strong&gt;歌手&lt;/strong&gt;：&lt;strong&gt;HEARTSTEEL / BAEKHYUN / tobi lou / ØZI / League of Legends / Cal Scruby&lt;/strong&gt;&lt;/p&gt;
&lt;p&gt;&lt;strong&gt;专辑&lt;/strong&gt;：&lt;strong&gt;PARANOIA&lt;/strong&gt;&lt;/p&gt;</description>
    </item>
  </channel>
</rss>
