<?xml version="1.0" encoding="utf-8" standalone="yes"?>
<rss version="2.0" xmlns:atom="http://www.w3.org/2005/Atom" xmlns:content="http://purl.org/rss/1.0/modules/content/">
  <channel>
    <title>Truenas on 慕阳博客</title>
    <link>https://blog.muyoung.com/tags/truenas/</link>
    <description>Recent content in Truenas on 慕阳博客</description>
    <generator>Hugo -- 0.145.0</generator>
    <language>zh-CN</language>
    <lastBuildDate>Fri, 14 Mar 2025 10:19:00 +0800</lastBuildDate>
    <atom:link href="https://blog.muyoung.com/tags/truenas/index.xml" rel="self" type="application/rss+xml" />
    <item>
      <title>TrueNAS SCALE 套娃安装PVE虚拟机，并挂载NFS</title>
      <link>https://blog.muyoung.com/posts/pveintruenas/</link>
      <pubDate>Fri, 14 Mar 2025 10:19:00 +0800</pubDate>
      <guid>https://blog.muyoung.com/posts/pveintruenas/</guid>
      <description>&lt;h1 id=&#34;序&#34;&gt;序&lt;/h1&gt;
&lt;p&gt;很多人看到这个标题可能就觉得没必要，或者部署很理解，实际上我其实一开始是玩一玩，试一下SCALE支不支持嵌套虚拟，我试过了是支持的。因为SCALE的虚拟机并不是非常好用，只能以zvol的方式当做硬盘，而且没有模板之类的东西，所以对于做实验什么的不是很方便，所以我才套娃一个PVE。&lt;/p&gt;
&lt;p&gt;实际上用下来感觉还可以，做一些实验用的虚拟机没有什么问题。而且还可以挂载scale 的NFS，使用scale的快照之类的。&lt;/p&gt;
&lt;h1 id=&#34;安装&#34;&gt;安装&lt;/h1&gt;
&lt;p&gt;首先去下载镜像，可以去&lt;a href=&#34;https://www.proxmox.com/en/downloads&#34;&gt;官网&lt;/a&gt;下载，该教程使用的版本为7.2-1&lt;/p&gt;
&lt;p&gt;然后像安装普通的镜像一样安装&lt;/p&gt;
&lt;p&gt;&lt;img alt=&#34;图片.png&#34; loading=&#34;lazy&#34; src=&#34;https://r.muyoung.com/blogimg/20250314103120382.png&#34;&gt;&lt;/p&gt;
&lt;p&gt;&lt;img alt=&#34;图片.png&#34; loading=&#34;lazy&#34; src=&#34;https://r.muyoung.com/blogimg/20250314103124162.png&#34;&gt;&lt;/p&gt;
&lt;p&gt;我这里直接给了24核心，这里根据自己的需求设置&lt;/p&gt;
&lt;p&gt;&lt;img alt=&#34;图片.png&#34; loading=&#34;lazy&#34; src=&#34;https://r.muyoung.com/blogimg/20250314103125381.png&#34;&gt;&lt;/p&gt;
&lt;p&gt;大小自己随意设置，后面我们可以挂载NFS的&lt;/p&gt;
&lt;p&gt;&lt;img alt=&#34;图片.png&#34; loading=&#34;lazy&#34; src=&#34;https://r.muyoung.com/blogimg/20250314103134173.png&#34;&gt;&lt;/p&gt;
&lt;p&gt;这里选择桥接网卡&lt;/p&gt;
&lt;p&gt;&lt;img alt=&#34;图片.png&#34; loading=&#34;lazy&#34; src=&#34;https://r.muyoung.com/blogimg/20250314103138143.png&#34;&gt;&lt;/p&gt;
&lt;p&gt;这里找到我们的ISO镜像&lt;/p&gt;
&lt;p&gt;下面全部默认保存即可&lt;/p&gt;
&lt;p&gt;开机，点击展示&lt;/p&gt;
&lt;p&gt;&lt;img alt=&#34;图片.png&#34; loading=&#34;lazy&#34; src=&#34;https://r.muyoung.com/blogimg/20250314103139936.png&#34;&gt;&lt;/p&gt;
&lt;p&gt;直接回车&lt;/p&gt;
&lt;p&gt;&lt;img alt=&#34;图片.png&#34; loading=&#34;lazy&#34; src=&#34;https://r.muyoung.com/blogimg/20250314103146717.png&#34;&gt;&lt;/p&gt;
&lt;p&gt;一路下一步，设置好密码&lt;/p&gt;
&lt;p&gt;&lt;img alt=&#34;图片.png&#34; loading=&#34;lazy&#34; src=&#34;https://r.muyoung.com/blogimg/20250314103151762.png&#34;&gt;&lt;/p&gt;
&lt;p&gt;这里的主机名要带&lt;code&gt;.local&lt;/code&gt;，最后点击install等待安装&lt;/p&gt;
&lt;p&gt;安装好之后我们直接点PowerOff&lt;/p&gt;
&lt;p&gt;&lt;img alt=&#34;图片.png&#34; loading=&#34;lazy&#34; src=&#34;https://r.muyoung.com/blogimg/20250314103156991.png&#34;&gt;&lt;/p&gt;
&lt;p&gt;&lt;img alt=&#34;图片.png&#34; loading=&#34;lazy&#34; src=&#34;https://r.muyoung.com/blogimg/20250314103200510.png&#34;&gt;&lt;/p&gt;
&lt;p&gt;点击设备把CD删除，然后再开机&lt;/p&gt;
&lt;p&gt;然后看vnc显示的地址，浏览器打开，输入账户密码即可登录&lt;/p&gt;
&lt;p&gt;&lt;img alt=&#34;图片.png&#34; loading=&#34;lazy&#34; src=&#34;https://r.muyoung.com/blogimg/20250314103202032.png&#34;&gt;&lt;/p&gt;
&lt;h1 id=&#34;挂载nfs&#34;&gt;挂载NFS&lt;/h1&gt;
&lt;p&gt;先创建一个数据集，点击共享，添加NFS&lt;/p&gt;
&lt;p&gt;&lt;img alt=&#34;图片.png&#34; loading=&#34;lazy&#34; src=&#34;https://r.muyoung.com/blogimg/20250314103204378.png&#34;&gt;&lt;/p&gt;
&lt;h2 id=&#34;设置数据集权限&#34;&gt;设置数据集权限&lt;/h2&gt;
&lt;p&gt;因为PVE的nfs不支持填写账号密码，所以我们需要设置一下权限&lt;/p&gt;
&lt;p&gt;&lt;img alt=&#34;图片.png&#34; loading=&#34;lazy&#34; src=&#34;https://r.muyoung.com/blogimg/20250314103214047.png&#34;&gt;&lt;/p&gt;
&lt;p&gt;&lt;img alt=&#34;图片.png&#34; loading=&#34;lazy&#34; src=&#34;https://r.muyoung.com/blogimg/20250314103209915.png&#34;&gt;&lt;/p&gt;
&lt;p&gt;确保这里是NFSV4&lt;/p&gt;
&lt;p&gt;&lt;img alt=&#34;图片.png&#34; loading=&#34;lazy&#34; src=&#34;https://r.muyoung.com/blogimg/20250314103207329.png&#34;&gt;&lt;/p&gt;
&lt;p&gt;&lt;img alt=&#34;图片.png&#34; loading=&#34;lazy&#34; src=&#34;https://www.truenasscale.com/usr/uploads/2022/05/2235625831.png&#34;&gt;&lt;/p&gt;
&lt;p&gt;&lt;img alt=&#34;图片.png&#34; loading=&#34;lazy&#34; src=&#34;https://r.muyoung.com/blogimg/20250314103219064.png&#34;&gt;&lt;/p&gt;
&lt;p&gt;需要添加一条everyone的权限&lt;/p&gt;
&lt;p&gt;&lt;img alt=&#34;图片.png&#34; loading=&#34;lazy&#34; src=&#34;https://r.muyoung.com/blogimg/20250314103221157.png&#34;&gt;&lt;/p&gt;
&lt;p&gt;点击nfs&lt;/p&gt;
&lt;p&gt;&lt;img alt=&#34;图片.png&#34; loading=&#34;lazy&#34; src=&#34;https://r.muyoung.com/blogimg/20250314103222951.png&#34;&gt;&lt;/p&gt;
&lt;p&gt;内容有很多种，可以自己创建多个nfs都挂载&lt;/p&gt;</description>
    </item>
    <item>
      <title>TrueNAS24.10docker开机自动替换源</title>
      <link>https://blog.muyoung.com/posts/truenasdaemondocker/</link>
      <pubDate>Thu, 27 Feb 2025 17:34:36 +0800</pubDate>
      <guid>https://blog.muyoung.com/posts/truenasdaemondocker/</guid>
      <description>&lt;p&gt;存放于/root目录下&lt;/p&gt;
&lt;p&gt;&lt;img alt=&#34;img&#34; loading=&#34;lazy&#34; src=&#34;https://r.muyoung.com/blogimg/202502271732370.png&#34;&gt;&lt;/p&gt;
&lt;div class=&#34;highlight&#34;&gt;&lt;pre tabindex=&#34;0&#34; style=&#34;color:#f8f8f2;background-color:#272822;-moz-tab-size:4;-o-tab-size:4;tab-size:4;&#34;&gt;&lt;code class=&#34;language-bash&#34; data-lang=&#34;bash&#34;&gt;&lt;span style=&#34;display:flex;&#34;&gt;&lt;span&gt;&lt;span style=&#34;color:#75715e&#34;&gt;#!/bin/bash
&lt;/span&gt;&lt;/span&gt;&lt;/span&gt;&lt;span style=&#34;display:flex;&#34;&gt;&lt;span&gt;&lt;span style=&#34;color:#75715e&#34;&gt;&lt;/span&gt;sleep &lt;span style=&#34;color:#ae81ff&#34;&gt;30&lt;/span&gt;
&lt;/span&gt;&lt;/span&gt;&lt;span style=&#34;display:flex;&#34;&gt;&lt;span&gt;&lt;span style=&#34;color:#75715e&#34;&gt;# 备份原始文件&lt;/span&gt;
&lt;/span&gt;&lt;/span&gt;&lt;span style=&#34;display:flex;&#34;&gt;&lt;span&gt;sudo cp /etc/docker/daemon.json /etc/docker/daemon.json.bak
&lt;/span&gt;&lt;/span&gt;&lt;span style=&#34;display:flex;&#34;&gt;&lt;span&gt;
&lt;/span&gt;&lt;/span&gt;&lt;span style=&#34;display:flex;&#34;&gt;&lt;span&gt;&lt;span style=&#34;color:#75715e&#34;&gt;# 使用 jq 添加新的键值对并写入临时文件&lt;/span&gt;
&lt;/span&gt;&lt;/span&gt;&lt;span style=&#34;display:flex;&#34;&gt;&lt;span&gt;sudo jq &lt;span style=&#34;color:#e6db74&#34;&gt;&amp;#39;. + { &amp;#34;registry-mirrors&amp;#34;: [&amp;#34;https://docker.1panel.live&amp;#34;] }&amp;#39;&lt;/span&gt; /etc/docker/daemon.json | sudo tee /etc/docker/daemon.json.tmp &amp;gt; /dev/null
&lt;/span&gt;&lt;/span&gt;&lt;span style=&#34;display:flex;&#34;&gt;&lt;span&gt;
&lt;/span&gt;&lt;/span&gt;&lt;span style=&#34;display:flex;&#34;&gt;&lt;span&gt;&lt;span style=&#34;color:#75715e&#34;&gt;# 检查 jq 是否成功&lt;/span&gt;
&lt;/span&gt;&lt;/span&gt;&lt;span style=&#34;display:flex;&#34;&gt;&lt;span&gt;&lt;span style=&#34;color:#66d9ef&#34;&gt;if&lt;/span&gt; &lt;span style=&#34;color:#f92672&#34;&gt;[&lt;/span&gt; $? -eq &lt;span style=&#34;color:#ae81ff&#34;&gt;0&lt;/span&gt; &lt;span style=&#34;color:#f92672&#34;&gt;]&lt;/span&gt;; &lt;span style=&#34;color:#66d9ef&#34;&gt;then&lt;/span&gt;
&lt;/span&gt;&lt;/span&gt;&lt;span style=&#34;display:flex;&#34;&gt;&lt;span&gt;    &lt;span style=&#34;color:#75715e&#34;&gt;# 替换原始文件&lt;/span&gt;
&lt;/span&gt;&lt;/span&gt;&lt;span style=&#34;display:flex;&#34;&gt;&lt;span&gt;    sudo mv /etc/docker/daemon.json.tmp /etc/docker/daemon.json
&lt;/span&gt;&lt;/span&gt;&lt;span style=&#34;display:flex;&#34;&gt;&lt;span&gt;    echo &lt;span style=&#34;color:#e6db74&#34;&gt;&amp;#34;成功更新 daemon.json 文件。&amp;#34;&lt;/span&gt;
&lt;/span&gt;&lt;/span&gt;&lt;span style=&#34;display:flex;&#34;&gt;&lt;span&gt;&lt;span style=&#34;color:#66d9ef&#34;&gt;else&lt;/span&gt;
&lt;/span&gt;&lt;/span&gt;&lt;span style=&#34;display:flex;&#34;&gt;&lt;span&gt;    echo &lt;span style=&#34;color:#e6db74&#34;&gt;&amp;#34;更新 daemon.json 文件失败，恢复备份。&amp;#34;&lt;/span&gt;
&lt;/span&gt;&lt;/span&gt;&lt;span style=&#34;display:flex;&#34;&gt;&lt;span&gt;    sudo mv /etc/docker/daemon.json.bak /etc/docker/daemon.json
&lt;/span&gt;&lt;/span&gt;&lt;span style=&#34;display:flex;&#34;&gt;&lt;span&gt;&lt;span style=&#34;color:#66d9ef&#34;&gt;fi&lt;/span&gt;
&lt;/span&gt;&lt;/span&gt;&lt;span style=&#34;display:flex;&#34;&gt;&lt;span&gt;
&lt;/span&gt;&lt;/span&gt;&lt;span style=&#34;display:flex;&#34;&gt;&lt;span&gt;&lt;span style=&#34;color:#75715e&#34;&gt;# 重启 Docker 服务&lt;/span&gt;
&lt;/span&gt;&lt;/span&gt;&lt;span style=&#34;display:flex;&#34;&gt;&lt;span&gt;sudo systemctl restart docker
&lt;/span&gt;&lt;/span&gt;&lt;/code&gt;&lt;/pre&gt;&lt;/div&gt;</description>
    </item>
  </channel>
</rss>
